keyword,source_rule
욕실 곰팡이 제거 방법,욕실 + 곰팡이 관련 문제
욕실 곰팡이 없애는 법,욕실 + 곰팡이 관련 문제
욕실 곰팡이 원인,욕실 + 곰팡이 관련 문제
욕실 곰팡이 냄새 없애는 법,욕실 + 곰팡이 관련 문제
욕실 곰팡이 관리 방법,욕실 + 곰팡이 관련 문제
욕실 곰팡이 생기는 이유,욕실 + 곰팡이 관련 문제
욕실 곰팡이 예방 방법,욕실 + 곰팡이 관련 문제
욕실 곰팡이 세정제 추천,욕실 + 곰팡이 관련 문제
욕실 실리콘 곰팡이 제거,욕실 + 곰팡이 관련 문제
욕실 천장 곰팡이 없애는 법,욕실 + 곰팡이 관련 문제
욕실 타일 줄눈 곰팡이 지우기,욕실 + 곰팡이 관련 문제
주방 악취 제거 방법,주방 + 악취 관련 문제
주방 악취 없애는 법,주방 + 악취 관련 문제
주방 악취 원인,주방 + 악취 관련 문제
주방 악취 냄새 없애는 법,주방 + 악취 관련 문제
주방 악취 관리 방법,주방 + 악취 관련 문제
주방 악취 생기는 이유,주방 + 악취 관련 문제
주방 악취 예방 방법,주방 + 악취 관련 문제
주방 악취 세정제 추천,주방 + 악취 관련 문제
주방 싱크대 악취 없애는 법,주방 + 악취 관련 문제
주방 배수구 악취 제거 방법,주방 + 악취 관련 문제
베란다 습기 제거 방법,베란다 + 습기 관련 문제
베란다 습기 없애는 법,베란다 + 습기 관련 문제
베란다 습기 원인,베란다 + 습기 관련 문제
베란다 습기 냄새 없애는 법,베란다 + 습기 관련 문제
베란다 습기 관리 방법,베란다 + 습기 관련 문제
베란다 습기 생기는 이유,베란다 + 습기 관련 문제
베란다 습기 예방 방법,베란다 + 습기 관련 문제
베란다 습기 세정제 추천,베란다 + 습기 관련 문제
베란다 창틀 습기 제거,베란다 + 습기 관련 문제
베란다 곰팡이 습기 잡는 방법,베란다 + 습기 관련 문제
옷 냄새 제거 방법,옷 + 냄새 제거
옷 냄새 없애는 법,옷 + 냄새 제거
옷 냄새 원인,옷 + 냄새 제거
옷 냄새 냄새 없애는 법,옷 + 냄새 제거
옷 냄새 관리 방법,옷 + 냄새 제거
옷 냄새 생기는 이유,옷 + 냄새 제거
옷 냄새 예방 방법,옷 + 냄새 제거
옷 냄새 세정제 추천,옷 + 냄새 제거
옷 냄새 빼는 방법,옷 + 냄새 제거
옷 냄새 빠르게 없애는 법,옷 + 냄새 제거
how to remove household problem,how to remove + household problem
best way to remove household problem,how to remove + household problem
how to quickly remove household problem,how to remove + household problem
household problem removal tips,how to remove + household problem
why does my room smell,why does my + room + smell
why does my room smell so bad,why does my + room + smell
room smell causes and fixes,why does my + room + smell
how to clean object,how to clean + object
best way to clean object,how to clean + object
object cleaning tips,how to clean + object
