2025-11-20T19:00:52+09:00,세탁기 곰팡이 제거,세탁기-곰팡이-제거
2025-11-20T19:00:52+09:00,하수구 냄새 제거,하수구-냄새-제거
2025-11-20T19:00:52+09:00,화장실 곰팡이 제거,화장실-곰팡이-제거
2025-11-20T19:46:01+09:00,세탁기 곰팡이 제거,세탁기-곰팡이-제거
2025-11-20T19:46:01+09:00,하수구 냄새 제거,하수구-냄새-제거
2025-11-20T19:46:01+09:00,화장실 곰팡이 제거,화장실-곰팡이-제거
2025-11-20T19:59:09+09:00,세탁기 곰팡이 제거,세탁기-곰팡이-제거
2025-11-20T19:59:09+09:00,하수구 냄새 제거,하수구-냄새-제거
2025-11-20T19:59:09+09:00,화장실 곰팡이 제거,화장실-곰팡이-제거
2025-11-20T20:51:32+09:00,세탁기 곰팡이 제거,세탁기-곰팡이-제거
2025-11-20T20:51:32+09:00,하수구 냄새 제거,하수구-냄새-제거
2025-11-20T20:51:32+09:00,화장실 곰팡이 제거,화장실-곰팡이-제거
2025-11-20T21:12:35+09:00,세탁기 곰팡이 제거,세탁기-곰팡이-제거
2025-11-20T21:12:35+09:00,하수구 냄새 제거,하수구-냄새-제거
2025-11-20T21:12:35+09:00,화장실 곰팡이 제거,화장실-곰팡이-제거
2025-11-21T11:06:41+09:00,세탁기 곰팡이 제거,세탁기-곰팡이-제거
2025-11-21T11:06:41+09:00,하수구 냄새 제거,하수구-냄새-제거
2025-11-21T11:06:41+09:00,화장실 곰팡이 제거,화장실-곰팡이-제거
2025-11-21T11:31:35+09:00,세탁기 곰팡이 제거,세탁기-곰팡이-제거
2025-11-21T11:31:35+09:00,하수구 냄새 제거,하수구-냄새-제거
2025-11-21T11:31:35+09:00,화장실 곰팡이 제거,화장실-곰팡이-제거
2025-11-21T11:52:47+09:00,세탁기 곰팡이 제거,세탁기-곰팡이-제거
2025-11-21T11:52:47+09:00,하수구 냄새 제거,하수구-냄새-제거
2025-11-21T11:52:47+09:00,화장실 곰팡이 제거,화장실-곰팡이-제거
2025-11-21T13:05:29+09:00,세탁기 곰팡이 제거,세탁기-곰팡이-제거
2025-11-21T13:05:29+09:00,하수구 냄새 제거,하수구-냄새-제거
2025-11-21T13:05:29+09:00,욕실 곰팡이 제거,욕실-곰팡이-제거
2025-11-21T13:05:29+09:00,화장실 곰팡이 제거,화장실-곰팡이-제거
2025-11-21T13:05:29+09:00,싱크대 악취 제거,싱크대-악취-제거
2025-11-21T13:05:29+09:00,창틀 곰팡이 제거,창틀-곰팡이-제거
2025-11-21T13:05:29+09:00,커튼 곰팡이 제거,커튼-곰팡이-제거
2025-11-21T13:05:29+09:00,샤워기 물때 제거,샤워기-물때-제거
2025-11-21T13:05:29+09:00,배수구 머리카락 제거,배수구-머리카락-제거
2025-11-21T13:05:29+09:00,환풍기 청소 방법,환풍기-청소-방법
2025-11-21T13:05:29+09:00,세탁조 악취 제거,세탁조-악취-제거
2025-11-21T13:05:29+09:00,정수기 필터 청소,정수기-필터-청소
2025-11-21T13:05:29+09:00,냉장고 김치 냄새 제거,냉장고-김치-냄새-제거
2025-11-21T13:05:29+09:00,싱크대 물때 제거,싱크대-물때-제거
2025-11-21T13:05:29+09:00,가스레인지 기름때 제거,가스레인지-기름때-제거
2025-11-21T13:05:29+09:00,전자레인지 청소 방법,전자레인지-청소-방법
2025-11-21T13:05:29+09:00,에어컨 곰팡이 제거,에어컨-곰팡이-제거
2025-11-21T13:05:29+09:00,베란다 곰팡이 제거,베란다-곰팡이-제거
2025-11-21T13:05:29+09:00,옷장 곰팡이 냄새 제거,옷장-곰팡이-냄새-제거
2025-11-21T13:05:29+09:00,욕조 물때 제거,욕조-물때-제거
2025-11-21T18:24:06+09:00,ko,세탁기 곰팡이 제거,세탁기-곰팡이-제거
2025-11-21T18:24:06+09:00,ko,How to remove mold from washing machine,how-to-remove-mold-from-washing-machine
2025-11-21T18:24:06+09:00,ko,하수구 냄새 제거,하수구-냄새-제거
2025-11-21T18:24:06+09:00,ko,욕실 곰팡이 제거,욕실-곰팡이-제거
2025-11-21T18:24:06+09:00,ko,화장실 곰팡이 제거,화장실-곰팡이-제거
2025-11-21T18:24:06+09:00,ko,싱크대 악취 제거,싱크대-악취-제거
2025-11-21T18:24:06+09:00,ko,창틀 곰팡이 제거,창틀-곰팡이-제거
2025-11-21T18:24:06+09:00,ko,커튼 곰팡이 제거,커튼-곰팡이-제거
2025-11-21T18:24:06+09:00,ko,샤워기 물때 제거,샤워기-물때-제거
2025-11-21T18:24:06+09:00,ko,배수구 머리카락 제거,배수구-머리카락-제거
2025-11-21T18:24:06+09:00,ko,환풍기 청소 방법,환풍기-청소-방법
2025-11-21T18:24:06+09:00,ko,세탁조 악취 제거,세탁조-악취-제거
2025-11-21T18:24:06+09:00,ko,정수기 필터 청소,정수기-필터-청소
2025-11-21T18:24:06+09:00,ko,냉장고 김치 냄새 제거,냉장고-김치-냄새-제거
2025-11-21T18:24:06+09:00,ko,싱크대 물때 제거,싱크대-물때-제거
2025-11-21T18:24:06+09:00,ko,가스레인지 기름때 제거,가스레인지-기름때-제거
2025-11-21T18:24:06+09:00,ko,전자레인지 청소 방법,전자레인지-청소-방법
2025-11-21T18:24:06+09:00,ko,에어컨 곰팡이 제거,에어컨-곰팡이-제거
2025-11-21T18:24:06+09:00,ko,베란다 곰팡이 제거,베란다-곰팡이-제거
2025-11-21T18:24:06+09:00,ko,옷장 곰팡이 냄새 제거,옷장-곰팡이-냄새-제거
2025-11-21T18:24:06+09:00,ko,욕조 물때 제거,욕조-물때-제거
2025-11-21T18:49:01+09:00,ko,변기 물때 제거,변기-물때-제거
2025-11-21T18:49:01+09:00,ko,주방 기름때 제거,주방-기름때-제거
2025-11-21T18:49:01+09:00,ko,신발 냄새 제거,신발-냄새-제거
2025-11-21T18:49:01+09:00,ko,흰옷 얼룩 제거,흰옷-얼룩-제거
